Gender,School Type,Studies Daily,Attends Extra Classes,Uses Online Learning Platforms,Has a Fixed Study Schedule,Participates in Group Study,Sleeps at Least 7 Hours,Uses Social Media During Study Hours,Submits Assignments on Time,Enjoys Reading,Participates in School Activities,Uses a Tutor,Prefers Studying Alone,Attends School Regularly,Has a Part-time Job,Uses a Planner for Schoolwork,Gets Nervous Before Exams,Prefers Online Classes Over In-person,Takes Notes in Class,Has a Quiet Study Environment at Home,High Performer
Female,Private,Yes,No,Yes,No,Yes,No,No,Yes,Yes,Yes,No,No,No,No,No,Yes,Yes,Yes,No,No
Male,Public,Yes,No,Yes,Yes,Yes,Yes,No,Yes,No,Yes,No,No,No,Yes,Yes,No,No,No,No,Yes
Female,Private,Yes,No,Yes,No,No,Yes,Yes,No,Yes,Yes,No,Yes,Yes,No,Yes,Yes,No,Yes,Yes,No
Male,Public,No,Yes,Yes,No,Yes,Yes,Yes,Yes,No,No,No,No,No,Yes,Yes,No,Yes,Yes,Yes,No
Female,Public,Yes,No,Yes,Yes,Yes,No,Yes,Yes,Yes,No,No,Yes,No,Yes,Yes,No,No,Yes,No,Yes
Male,Public,Yes,Yes,Yes,No,No,Yes,Yes,Yes,No,Yes,Yes,Yes,Yes,No,No,No,No,No,Yes,No
Male,Public,Yes,Yes,No,Yes,No,No,No,Yes,No,No,No,Yes,Yes,Yes,Yes,No,No,No,Yes,Yes
Male,Private,No,Yes,No,Yes,Yes,No,No,No,No,Yes,Yes,Yes,Yes,No,Yes,Yes,No,Yes,Yes,No
Female,Private,No,No,Yes,No,No,No,Yes,No,Yes,Yes,No,Yes,No,Yes,No,No,No,Yes,Yes,No
Female,Public,Yes,No,No,No,Yes,Yes,Yes,Yes,No,No,Yes,Yes,No,No,Yes,Yes,No,Yes,No,No
Female,Private,Yes,No,No,Yes,Yes,Yes,Yes,Yes,No,No,No,Yes,Yes,No,No,Yes,No,Yes,No,Yes
Male,Public,No,Yes,Yes,Yes,No,No,Yes,No,Yes,Yes,No,Yes,Yes,Yes,No,No,No,Yes,Yes,Yes
Female,Public,Yes,No,No,No,Yes,No,No,Yes,No,No,Yes,Yes,Yes,Yes,No,Yes,Yes,Yes,No,Yes
Male,Private,No,Yes,No,No,No,Yes,No,Yes,Yes,Yes,No,No,No,No,Yes,No,Yes,No,No,No
Female,Public,Yes,No,No,Yes,No,Yes,No,Yes,No,Yes,Yes,No,Yes,No,No,Yes,No,No,Yes,No
Male,Public,Yes,Yes,No,No,No,Yes,Yes,No,No,No,No,Yes,Yes,No,Yes,Yes,No,No,No,No
Female,Public,Yes,Yes,Yes,No,Yes,No,Yes,No,No,Yes,Yes,Yes,Yes,No,Yes,Yes,No,No,Yes,Yes
Female,Public,Yes,No,Yes,Yes,No,Yes,No,Yes,No,Yes,Yes,No,Yes,Yes,No,Yes,Yes,Yes,Yes,Yes
Female,Public,Yes,No,Yes,No,No,Yes,No,No,No,No,No,No,Yes,No,Yes,Yes,Yes,Yes,Yes,Yes
Female,Private,No,No,No,Yes,Yes,Yes,Yes,Yes,Yes,Yes,Yes,Yes,Yes,Yes,Yes,No,Yes,No,No,Yes
Male,Public,No,Yes,Yes,No,Yes,No,Yes,Yes,No,No,No,No,No,No,Yes,Yes,No,No,Yes,Yes
Female,Public,Yes,Yes,No,No,Yes,Yes,Yes,Yes,No,No,Yes,Yes,No,No,Yes,Yes,No,Yes,No,No
Female,Private,Yes,Yes,No,Yes,Yes,No,No,No,Yes,Yes,Yes,No,No,Yes,No,Yes,No,Yes,Yes,Yes
Female,Private,No,No,No,No,No,Yes,Yes,No,Yes,Yes,No,No,Yes,No,Yes,Yes,Yes,Yes,Yes,No
Male,Public,No,Yes,Yes,Yes,No,No,Yes,No,Yes,Yes,No,Yes,Yes,Yes,No,No,No,Yes,Yes,Yes
Male,Public,Yes,Yes,Yes,No,Yes,No,No,No,No,Yes,Yes,No,Yes,No,No,Yes,Yes,Yes,No,Yes
Female,Private,Yes,Yes,Yes,Yes,Yes,Yes,Yes,Yes,No,No,No,No,No,Yes,Yes,No,Yes,Yes,No,No
Female,Private,No,No,Yes,Yes,Yes,Yes,No,No,Yes,Yes,Yes,Yes,Yes,No,Yes,No,No,Yes,No,Yes
Male,Public,Yes,No,Yes,No,No,No,No,No,No,Yes,No,Yes,Yes,Yes,No,Yes,No,Yes,Yes,No
Female,Public,No,No,Yes,No,Yes,No,Yes,Yes,No,Yes,Yes,Yes,Yes,No,No,No,No,No,Yes,Yes
Male,Private,Yes,No,Yes,No,No,Yes,No,Yes,Yes,Yes,Yes,No,Yes,Yes,Yes,Yes,No,Yes,No,No
Male,Public,Yes,Yes,Yes,No,Yes,No,No,No,No,Yes,Yes,No,Yes,No,No,Yes,Yes,Yes,No,Yes
Male,Public,Yes,No,Yes,Yes,Yes,No,Yes,Yes,Yes,No,No,Yes,No,Yes,Yes,Yes,No,Yes,No,Yes
Female,Private,No,No,Yes,Yes,No,Yes,Yes,Yes,Yes,Yes,Yes,No,No,No,Yes,No,Yes,No,No,No
Male,Public,Yes,No,Yes,Yes,No,No,Yes,No,Yes,Yes,No,Yes,Yes,No,Yes,Yes,No,Yes,No,Yes
Female,Public,Yes,Yes,Yes,No,Yes,No,Yes,No,No,Yes,Yes,Yes,Yes,Yes,Yes,Yes,No,No,Yes,Yes
Male,Public,No,No,Yes,No,Yes,No,Yes,Yes,No,Yes,No,Yes,Yes,No,Yes,No,Yes,Yes,Yes,No
Female,Public,Yes,No,Yes,No,No,Yes,No,No,No,No,No,No,Yes,No,Yes,Yes,Yes,Yes,Yes,Yes
Female,Private,No,No,No,No,No,Yes,Yes,No,Yes,Yes,No,No,Yes,Yes,Yes,Yes,Yes,Yes,Yes,No
Male,Public,Yes,Yes,Yes,No,Yes,No,No,No,No,Yes,Yes,No,Yes,No,No,Yes,Yes,Yes,No,Yes
Male,Public,Yes,Yes,Yes,No,Yes,No,No,Yes,No,Yes,Yes,No,Yes,No,No,Yes,Yes,Yes,No,Yes
Male,Public,Yes,Yes,Yes,Yes,No,No,Yes,No,No,No,Yes,No,Yes,Yes,No,Yes,No,Yes,Yes,Yes
Female,Public,Yes,Yes,No,Yes,No,Yes,Yes,No,Yes,Yes,No,Yes,No,No,Yes,No,No,Yes,Yes,Yes
Male,Private,No,No,No,Yes,Yes,No,Yes,Yes,Yes,Yes,Yes,Yes,Yes,Yes,No,No,No,Yes,No,No
Male,Private,No,No,Yes,Yes,No,Yes,Yes,No,Yes,No,Yes,No,No,No,No,Yes,No,Yes,Yes,Yes
Male,Private,Yes,No,Yes,No,No,No,Yes,No,Yes,Yes,Yes,Yes,Yes,Yes,No,Yes,No,No,Yes,No
Female,Public,No,No,Yes,Yes,No,No,Yes,No,Yes,Yes,No,No,Yes,No,Yes,No,Yes,Yes,No,No
Male,Public,No,No,No,Yes,Yes,No,Yes,Yes,Yes,Yes,Yes,No,Yes,No,No,No,No,Yes,Yes,Yes
Female,Private,Yes,No,No,No,Yes,Yes,Yes,Yes,Yes,No,Yes,No,Yes,No,No,Yes,Yes,No,Yes,No
Male,Public,Yes,Yes,No,No,Yes,Yes,No,Yes,Yes,Yes,No,Yes,Yes,No,No,No,No,Yes,No,No
Male,Public,No,Yes,Yes,No,Yes,Yes,Yes,Yes,No,No,No,No,No,Yes,Yes,No,Yes,Yes,Yes,No
Female,Public,Yes,No,Yes,Yes,No,No,Yes,No,Yes,No,Yes,No,Yes,Yes,No,No,Yes,No,Yes,Yes
Male,Public,Yes,No,Yes,No,Yes,Yes,No,Yes,Yes,No,No,Yes,Yes,No,No,Yes,Yes,No,No,Yes
Male,Private,No,Yes,Yes,No,Yes,No,No,Yes,No,No,Yes,No,No,Yes,Yes,Yes,Yes,Yes,No,Yes
Female,Private,No,Yes,Yes,Yes,Yes,No,No,Yes,Yes,Yes,No,Yes,Yes,No,Yes,Yes,No,Yes,Yes,No
Male,Public,Yes,No,Yes,No,No,No,No,No,Yes,No,Yes,Yes,Yes,Yes,No,Yes,No,Yes,No,Yes
Male,Private,Yes,Yes,Yes,No,Yes,No,No,No,No,Yes,No,Yes,No,Yes,No,Yes,Yes,No,Yes,No
Female,Private,No,No,Yes,Yes,No,No,Yes,No,No,No,No,No,No,No,Yes,No,No,Yes,Yes,Yes
Female,Public,Yes,Yes,Yes,No,Yes,No,No,Yes,No,Yes,No,No,Yes,Yes,No,Yes,Yes,No,No,No
Male,Private,No,No,No,Yes,Yes,No,No,Yes,No,Yes,Yes,Yes,No,No,Yes,No,Yes,Yes,No,Yes
Female,Private,No,No,Yes,No,Yes,No,Yes,Yes,Yes,Yes,No,No,Yes,Yes,No,No,No,Yes,Yes,No
Female,Private,Yes,No,No,Yes,Yes,Yes,Yes,Yes,No,No,No,Yes,Yes,No,No,Yes,No,Yes,No,Yes
Female,Public,Yes,Yes,Yes,Yes,Yes,Yes,Yes,Yes,Yes,Yes,No,Yes,No,Yes,No,Yes,No,No,No,No
Male,Public,No,No,Yes,Yes,Yes,No,No,Yes,No,Yes,Yes,No,No,Yes,No,No,No,Yes,Yes,Yes
Male,Private,Yes,No,No,No,No,No,Yes,No,Yes,Yes,Yes,Yes,Yes,No,Yes,Yes,Yes,No,No,Yes
Male,Public,No,No,No,Yes,Yes,Yes,No,Yes,Yes,Yes,Yes,No,No,Yes,No,Yes,No,No,No,Yes
Male,Public,Yes,No,Yes,No,No,No,No,No,Yes,No,Yes,Yes,Yes,No,No,Yes,No,Yes,No,Yes
Female,Private,No,Yes,Yes,No,Yes,Yes,No,No,Yes,Yes,Yes,Yes,Yes,No,No,No,Yes,No,Yes,Yes
Female,Public,No,No,Yes,Yes,No,No,Yes,No,Yes,Yes,No,Yes,Yes,Yes,Yes,Yes,No,Yes,Yes,Yes
Male,Public,Yes,No,Yes,Yes,Yes,No,No,Yes,No,Yes,Yes,Yes,No,Yes,Yes,No,No,No,Yes,Yes
Male,Private,No,Yes,Yes,No,Yes,No,No,Yes,No,No,Yes,Yes,Yes,No,Yes,Yes,No,Yes,Yes,Yes
Male,Private,No,No,No,Yes,Yes,Yes,Yes,Yes,Yes,Yes,Yes,Yes,No,Yes,Yes,Yes,Yes,No,Yes,Yes
Female,Public,Yes,Yes,No,Yes,No,Yes,Yes,No,Yes,Yes,No,Yes,No,No,Yes,No,No,Yes,Yes,Yes
Male,Public,No,No,Yes,Yes,Yes,Yes,Yes,No,No,No,Yes,Yes,Yes,No,Yes,Yes,Yes,Yes,No,Yes
Female,Private,No,No,Yes,Yes,Yes,Yes,No,No,Yes,Yes,Yes,Yes,Yes,No,Yes,No,No,Yes,No,Yes
Female,Private,Yes,Yes,Yes,No,No,No,Yes,Yes,No,Yes,No,No,Yes,Yes,No,Yes,Yes,No,Yes,Yes
Male,Public,Yes,Yes,No,Yes,Yes,No,No,Yes,Yes,No,Yes,No,No,No,No,Yes,Yes,Yes,Yes,No
Male,Private,No,Yes,Yes,Yes,Yes,No,No,No,Yes,No,Yes,No,Yes,Yes,No,No,No,Yes,No,Yes
Male,Public,Yes,No,Yes,No,No,No,No,Yes,No,Yes,Yes,Yes,Yes,No,Yes,No,Yes,Yes,No,Yes
Female,Public,Yes,No,Yes,No,No,No,Yes,Yes,No,Yes,Yes,No,Yes,No,No,Yes,Yes,Yes,No,Yes
Female,Public,Yes,No,No,No,No,Yes,Yes,Yes,Yes,Yes,No,Yes,Yes,No,No,No,No,Yes,No,No
Male,Private,No,No,No,No,Yes,No,Yes,No,Yes,Yes,No,No,No,Yes,No,Yes,No,No,Yes,No
Female,Public,Yes,Yes,Yes,No,Yes,No,Yes,No,No,Yes,Yes,Yes,Yes,No,Yes,Yes,No,No,Yes,Yes
Male,Private,Yes,Yes,Yes,Yes,Yes,No,Yes,Yes,No,No,No,Yes,Yes,Yes,No,Yes,Yes,No,No,No
Male,Private,Yes,No,Yes,Yes,Yes,Yes,No,Yes,No,No,Yes,Yes,No,No,No,No,No,No,No,Yes
Female,Private,No,No,No,Yes,No,No,No,No,Yes,No,Yes,Yes,No,No,Yes,No,No,No,Yes,Yes
Male,Public,Yes,No,Yes,Yes,Yes,No,Yes,Yes,Yes,No,No,Yes,No,Yes,Yes,No,No,Yes,No,Yes
Male,Private,Yes,No,Yes,No,No,Yes,No,Yes,Yes,Yes,Yes,No,Yes,Yes,Yes,Yes,No,Yes,No,No
Male,Private,Yes,Yes,No,Yes,No,Yes,No,Yes,No,Yes,No,No,Yes,No,Yes,No,No,Yes,Yes,No
Female,Private,No,No,Yes,Yes,No,No,No,No,Yes,No,Yes,Yes,Yes,Yes,Yes,Yes,Yes,No,No,No
Male,Public,Yes,No,No,Yes,Yes,Yes,No,No,No,Yes,Yes,No,Yes,No,Yes,No,Yes,Yes,Yes,Yes
Male,Public,Yes,No,Yes,Yes,No,No,Yes,No,Yes,Yes,No,Yes,Yes,No,Yes,Yes,No,Yes,No,Yes
Female,Private,No,No,Yes,No,Yes,No,Yes,Yes,No,Yes,Yes,Yes,Yes,No,Yes,Yes,Yes,Yes,Yes,No
Male,Private,No,No,Yes,Yes,No,Yes,Yes,No,Yes,No,Yes,No,No,No,No,Yes,No,Yes,Yes,Yes
Female,Private,Yes,No,No,Yes,No,No,No,Yes,No,No,Yes,No,Yes,No,No,Yes,Yes,Yes,No,Yes
Male,Public,Yes,Yes,No,Yes,No,No,No,Yes,No,No,No,Yes,Yes,Yes,Yes,No,No,No,Yes,Yes
Female,Public,Yes,No,Yes,Yes,No,Yes,No,Yes,No,Yes,Yes,No,Yes,Yes,No,Yes,Yes,Yes,Yes,Yes
Male,Private,No,Yes,Yes,Yes,Yes,No,No,Yes,Yes,Yes,No,No,Yes,Yes,Yes,Yes,Yes,No,No,No
Female,Private,No,No,No,Yes,No,No,No,No,Yes,No,Yes,Yes,No,Yes,Yes,No,No,No,Yes,Yes
Female,Private,Yes,No,No,Yes,No,No,No,Yes,No,No,Yes,No,Yes,No,No,Yes,Yes,Yes,No,Yes
Female,Private,No,No,No,Yes,Yes,Yes,Yes,Yes,Yes,Yes,Yes,Yes,Yes,Yes,Yes,Yes,Yes,No,No,Yes
Male,Private,Yes,Yes,Yes,Yes,No,Yes,Yes,No,Yes,No,No,Yes,Yes,Yes,No,No,No,No,No,Yes
Female,Private,No,Yes,No,Yes,No,Yes,Yes,Yes,No,No,No,Yes,No,No,No,Yes,No,Yes,No,Yes
Male,Private,Yes,Yes,Yes,Yes,No,Yes,No,No,Yes,No,No,Yes,Yes,No,Yes,No,Yes,Yes,No,Yes
Female,Public,No,Yes,No,Yes,No,No,Yes,Yes,No,Yes,No,Yes,Yes,No,Yes,No,No,Yes,Yes,Yes
Male,Public,No,No,No,Yes,Yes,No,Yes,Yes,Yes,Yes,Yes,No,Yes,No,No,No,No,Yes,Yes,Yes
Male,Public,Yes,Yes,No,Yes,No,No,No,Yes,No,No,No,Yes,Yes,Yes,Yes,Yes,No,No,Yes,Yes
Female,Public,No,Yes,Yes,No,No,No,Yes,Yes,No,No,No,Yes,Yes,No,No,No,Yes,Yes,No,Yes
Female,Public,Yes,Yes,Yes,Yes,Yes,Yes,No,Yes,No,Yes,No,Yes,Yes,Yes,Yes,Yes,Yes,Yes,Yes,Yes
Male,Public,Yes,No,No,Yes,Yes,Yes,No,No,No,Yes,Yes,No,Yes,No,Yes,No,Yes,Yes,Yes,Yes
Male,Private,Yes,Yes,Yes,Yes,No,Yes,No,No,No,No,Yes,Yes,Yes,Yes,Yes,No,Yes,Yes,No,No
Female,Private,No,No,Yes,Yes,No,No,No,Yes,Yes,No,No,No,Yes,No,Yes,Yes,No,Yes,Yes,No
Male,Public,Yes,No,Yes,Yes,Yes,No,No,Yes,No,Yes,Yes,Yes,No,Yes,Yes,No,No,No,Yes,Yes
Male,Public,Yes,No,Yes,No,Yes,No,Yes,No,Yes,Yes,No,No,Yes,Yes,No,Yes,No,Yes,Yes,Yes
Male,Public,No,Yes,No,No,No,No,No,Yes,Yes,No,No,No,Yes,No,No,No,No,Yes,No,Yes
Male,Public,Yes,Yes,Yes,No,No,Yes,Yes,Yes,No,Yes,Yes,Yes,Yes,No,No,No,No,No,Yes,No
Female,Private,Yes,No,Yes,No,Yes,Yes,No,Yes,Yes,Yes,Yes,No,No,Yes,No,Yes,Yes,Yes,Yes,No
Male,Public,No,Yes,No,No,No,No,No,Yes,Yes,No,No,No,Yes,No,No,No,No,Yes,No,Yes
Female,Private,Yes,No,No,Yes,Yes,Yes,No,Yes,Yes,No,No,Yes,Yes,Yes,No,Yes,No,No,Yes,Yes
Female,Private,Yes,No,Yes,Yes,Yes,No,Yes,Yes,No,Yes,No,Yes,No,Yes,Yes,Yes,No,No,Yes,No
Male,Public,Yes,Yes,No,No,Yes,Yes,No,Yes,Yes,Yes,No,Yes,Yes,No,No,No,No,Yes,No,No
Male,Public,Yes,No,Yes,Yes,Yes,No,No,Yes,No,Yes,Yes,Yes,No,No,Yes,No,No,No,Yes,Yes
Male,Public,Yes,No,No,Yes,No,No,Yes,No,Yes,No,No,No,Yes,Yes,Yes,No,Yes,No,Yes,No
Male,Private,No,Yes,Yes,Yes,Yes,Yes,Yes,Yes,Yes,No,No,No,Yes,No,Yes,Yes,No,Yes,Yes,No
Male,Private,No,Yes,No,Yes,Yes,Yes,No,No,No,Yes,No,Yes,Yes,No,No,No,No,Yes,Yes,No
Male,Private,No,No,Yes,Yes,No,No,No,Yes,Yes,Yes,No,No,Yes,Yes,No,No,No,Yes,No,No
Female,Public,Yes,No,No,No,No,Yes,Yes,Yes,Yes,Yes,No,Yes,Yes,No,No,Yes,No,Yes,No,No
Male,Private,No,No,No,No,Yes,Yes,No,No,Yes,No,Yes,No,Yes,No,No,No,Yes,Yes,No,No
Female,Private,No,No,Yes,Yes,No,No,Yes,Yes,No,No,No,No,Yes,Yes,No,Yes,Yes,No,Yes,Yes
Male,Private,Yes,No,Yes,No,No,Yes,Yes,Yes,Yes,No,Yes,Yes,Yes,No,Yes,Yes,Yes,Yes,No,Yes
Female,Public,Yes,No,No,No,No,No,Yes,No,No,Yes,Yes,Yes,No,Yes,No,No,Yes,Yes,No,Yes
Male,Public,No,Yes,No,No,Yes,Yes,No,Yes,No,Yes,Yes,No,No,Yes,Yes,No,No,No,No,No
Male,Private,No,Yes,No,Yes,Yes,No,Yes,No,No,No,No,Yes,No,No,Yes,No,Yes,No,Yes,No
Male,Private,No,Yes,No,Yes,Yes,Yes,No,No,No,Yes,No,Yes,Yes,No,No,No,No,Yes,Yes,No
Male,Private,Yes,No,Yes,No,No,Yes,Yes,Yes,Yes,No,Yes,Yes,Yes,Yes,Yes,Yes,Yes,Yes,No,Yes
Female,Private,No,Yes,No,Yes,No,No,Yes,No,Yes,No,No,Yes,Yes,Yes,Yes,No,Yes,No,Yes,No
Female,Private,Yes,Yes,No,Yes,No,Yes,Yes,Yes,No,Yes,Yes,Yes,No,No,No,Yes,No,No,Yes,Yes
Male,Public,Yes,Yes,No,Yes,Yes,No,No,Yes,Yes,No,Yes,No,No,No,No,Yes,Yes,Yes,Yes,No
Female,Public,No,Yes,No,Yes,No,No,Yes,Yes,No,Yes,No,Yes,Yes,Yes,Yes,No,No,Yes,Yes,Yes
Female,Private,No,Yes,Yes,Yes,Yes,Yes,No,Yes,No,Yes,Yes,Yes,No,No,Yes,Yes,No,No,Yes,No
Male,Public,Yes,No,Yes,No,No,No,No,Yes,No,Yes,Yes,Yes,Yes,No,Yes,No,Yes,Yes,No,Yes
Female,Public,Yes,Yes,Yes,No,No,No,No,Yes,No,No,No,No,Yes,Yes,No,No,No,No,Yes,No
Female,Public,No,Yes,No,Yes,No,Yes,Yes,Yes,No,No,No,No,No,No,Yes,Yes,Yes,Yes,No,No
Female,Private,Yes,Yes,No,No,Yes,Yes,No,Yes,No,No,Yes,Yes,No,Yes,No,No,No,No,No,No
Female,Public,Yes,No,Yes,No,No,Yes,Yes,Yes,Yes,Yes,Yes,Yes,Yes,Yes,Yes,No,Yes,No,Yes,Yes
Female,Public,Yes,No,No,No,No,No,Yes,No,No,Yes,Yes,Yes,No,Yes,No,No,Yes,Yes,No,Yes
Female,Private,Yes,Yes,No,No,Yes,No,No,No,Yes,Yes,Yes,No,No,Yes,Yes,No,No,Yes,Yes,Yes
Female,Public,Yes,Yes,Yes,No,No,Yes,Yes,Yes,Yes,No,No,Yes,No,Yes,Yes,No,Yes,No,Yes,Yes
Male,Private,Yes,Yes,Yes,Yes,No,No,No,No,Yes,Yes,Yes,No,Yes,No,Yes,Yes,No,No,No,No
Male,Private,Yes,Yes,Yes,Yes,No,No,No,No,Yes,Yes,Yes,No,No,No,Yes,Yes,No,No,No,No
Female,Public,Yes,No,Yes,No,Yes,Yes,Yes,No,Yes,Yes,No,Yes,No,Yes,Yes,No,No,Yes,Yes,No
Female,Private,No,No,No,Yes,No,No,No,No,Yes,No,Yes,Yes,No,Yes,Yes,No,No,No,Yes,Yes
Female,Public,No,No,Yes,No,No,Yes,Yes,Yes,No,No,Yes,No,Yes,Yes,No,No,Yes,No,No,Yes
Female,Private,No,No,Yes,Yes,Yes,Yes,No,No,Yes,Yes,Yes,Yes,Yes,No,Yes,No,No,Yes,No,Yes
Male,Public,No,No,Yes,No,Yes,No,Yes,Yes,No,Yes,No,Yes,Yes,No,Yes,No,Yes,Yes,Yes,No
Female,Public,No,No,Yes,Yes,No,No,Yes,No,Yes,Yes,No,Yes,Yes,Yes,Yes,Yes,No,Yes,Yes,Yes
Female,Private,Yes,Yes,Yes,No,Yes,Yes,No,No,No,Yes,No,No,Yes,No,No,No,Yes,No,Yes,No
Male,Public,No,No,Yes,Yes,No,No,No,Yes,No,No,No,Yes,No,No,No,Yes,No,Yes,No,No
Female,Private,Yes,No,No,Yes,No,Yes,No,No,Yes,Yes,Yes,No,Yes,No,Yes,No,No,Yes,Yes,No
Female,Private,No,No,No,No,No,Yes,Yes,No,Yes,Yes,No,No,Yes,Yes,Yes,Yes,Yes,Yes,Yes,No
Female,Public,Yes,Yes,Yes,Yes,Yes,Yes,Yes,Yes,Yes,Yes,No,Yes,No,Yes,No,Yes,No,No,No,No
Male,Public,No,Yes,Yes,No,Yes,No,Yes,Yes,No,No,No,No,No,No,Yes,Yes,No,No,Yes,Yes
Male,Public,No,Yes,Yes,No,No,Yes,No,No,Yes,Yes,Yes,Yes,No,Yes,No,No,No,No,No,Yes
Female,Public,No,Yes,No,No,No,No,No,No,No,No,No,No,Yes,No,Yes,No,Yes,No,Yes,Yes
Male,Public,Yes,No,No,Yes,Yes,Yes,No,No,No,Yes,Yes,No,Yes,No,Yes,No,Yes,Yes,Yes,Yes
Female,Private,No,No,Yes,No,No,No,Yes,No,Yes,Yes,No,Yes,No,Yes,No,No,No,Yes,Yes,No
Male,Private,No,Yes,Yes,No,No,Yes,No,No,No,Yes,No,Yes,Yes,No,Yes,Yes,No,No,Yes,Yes
Female,Private,No,No,No,Yes,No,No,No,No,Yes,No,Yes,Yes,No,Yes,Yes,No,No,Yes,Yes,Yes
Female,Private,Yes,Yes,Yes,No,No,No,Yes,No,No,No,No,Yes,No,No,Yes,Yes,Yes,Yes,Yes,Yes
Male,Private,Yes,Yes,No,Yes,No,No,Yes,Yes,No,Yes,Yes,Yes,Yes,No,Yes,No,No,Yes,No,No
Female,Private,Yes,No,No,Yes,Yes,No,Yes,Yes,No,Yes,No,No,Yes,No,No,Yes,No,Yes,Yes,Yes
Male,Public,No,No,No,Yes,Yes,No,Yes,Yes,Yes,Yes,Yes,No,Yes,No,No,No,No,Yes,Yes,Yes
Female,Public,No,Yes,No,No,Yes,Yes,Yes,Yes,Yes,Yes,Yes,No,Yes,Yes,No,Yes,No,Yes,Yes,Yes
Male,Private,Yes,Yes,Yes,Yes,Yes,Yes,Yes,No,No,No,No,Yes,Yes,No,Yes,Yes,No,No,Yes,Yes
Female,Public,Yes,No,No,No,Yes,No,No,Yes,No,No,Yes,Yes,Yes,Yes,No,Yes,Yes,Yes,No,Yes
Female,Private,No,Yes,Yes,No,Yes,Yes,Yes,Yes,Yes,No,No,No,Yes,No,Yes,Yes,No,Yes,No,Yes
Female,Private,Yes,No,Yes,Yes,Yes,No,Yes,Yes,No,Yes,No,Yes,No,Yes,Yes,Yes,No,No,Yes,No
Female,Public,Yes,No,Yes,No,No,Yes,No,No,No,No,No,No,Yes,No,Yes,Yes,Yes,Yes,Yes,Yes
Female,Public,Yes,Yes,No,No,Yes,Yes,Yes,Yes,No,No,Yes,Yes,No,No,Yes,Yes,No,Yes,No,No
Female,Public,Yes,No,Yes,No,No,Yes,Yes,No,Yes,No,No,Yes,Yes,No,No,Yes,No,Yes,No,No
Male,Public,No,Yes,Yes,No,Yes,Yes,No,Yes,Yes,Yes,No,Yes,No,Yes,No,Yes,No,No,Yes,Yes
Male,Private,No,No,No,No,Yes,Yes,No,No,Yes,No,Yes,No,Yes,No,No,No,Yes,Yes,No,No
Female,Private,Yes,No,No,Yes,No,Yes,No,No,Yes,Yes,Yes,No,Yes,No,Yes,No,No,Yes,Yes,No
Male,Public,No,Yes,Yes,No,Yes,Yes,No,Yes,Yes,Yes,No,Yes,No,Yes,No,Yes,No,No,Yes,Yes
Male,Public,Yes,No,No,No,Yes,No,Yes,No,Yes,No,No,Yes,No,Yes,Yes,Yes,No,Yes,No,Yes
Female,Public,No,No,Yes,Yes,No,No,Yes,No,Yes,Yes,No,Yes,Yes,Yes,Yes,Yes,No,Yes,Yes,Yes
Male,Private,Yes,Yes,Yes,No,No,Yes,No,No,Yes,Yes,No,Yes,No,Yes,Yes,No,No,Yes,Yes,Yes
Male,Public,No,Yes,Yes,No,No,Yes,No,No,Yes,Yes,Yes,Yes,No,Yes,No,No,No,No,No,Yes
Male,Public,No,Yes,Yes,Yes,Yes,Yes,Yes,No,Yes,No,No,Yes,Yes,Yes,Yes,Yes,No,No,Yes,No
Male,Private,No,Yes,Yes,No,Yes,Yes,No,Yes,No,Yes,Yes,Yes,No,Yes,No,Yes,No,Yes,No,Yes
Female,Private,Yes,No,Yes,Yes,Yes,No,Yes,Yes,No,Yes,No,Yes,No,Yes,Yes,Yes,No,No,Yes,No
Male,Private,Yes,No,No,No,No,No,Yes,No,Yes,Yes,Yes,Yes,Yes,No,Yes,Yes,Yes,No,No,Yes
Male,Private,No,Yes,Yes,No,Yes,Yes,No,Yes,No,Yes,Yes,Yes,No,Yes,No,Yes,No,No,No,Yes
Male,Public,Yes,Yes,Yes,No,Yes,No,No,No,No,Yes,Yes,No,Yes,Yes,No,Yes,Yes,Yes,No,Yes
Female,Public,No,No,No,Yes,Yes,No,No,Yes,Yes,Yes,Yes,No,Yes,No,Yes,Yes,No,Yes,No,No
Male,Private,No,Yes,Yes,No,No,Yes,No,No,Yes,Yes,Yes,No,Yes,Yes,Yes,No,No,No,No,No
Male,Private,No,Yes,Yes,Yes,Yes,No,No,Yes,Yes,Yes,No,No,Yes,Yes,Yes,Yes,Yes,No,No,No
Male,Public,Yes,Yes,Yes,No,No,Yes,Yes,Yes,No,Yes,Yes,Yes,Yes,No,No,No,No,Yes,Yes,No
Female,Private,No,No,Yes,Yes,No,Yes,No,Yes,No,Yes,Yes,No,No,No,Yes,Yes,No,No,Yes,Yes
Male,Public,Yes,No,Yes,No,Yes,No,Yes,No,Yes,Yes,No,No,Yes,Yes,No,Yes,No,Yes,Yes,Yes
Female,Public,Yes,Yes,Yes,No,No,Yes,Yes,Yes,Yes,No,No,Yes,No,Yes,Yes,No,Yes,No,Yes,Yes
Female,Public,Yes,Yes,No,No,Yes,Yes,Yes,Yes,No,No,Yes,Yes,No,No,Yes,Yes,No,Yes,No,No
Female,Private,Yes,No,No,Yes,No,No,Yes,No,Yes,Yes,Yes,No,No,No,No,No,Yes,Yes,No,No
Female,Private,Yes,No,No,Yes,No,No,Yes,No,Yes,Yes,No,No,Yes,Yes,No,No,No,Yes,Yes,Yes
Male,Private,No,No,No,No,Yes,No,Yes,Yes,No,No,No,Yes,Yes,Yes,Yes,No,Yes,No,No,Yes
Male,Private,Yes,Yes,No,Yes,No,No,Yes,Yes,No,Yes,Yes,Yes,Yes,No,Yes,No,No,Yes,No,No
Female,Private,No,Yes,Yes,No,Yes,No,No,No,No,No,Yes,No,No,Yes,Yes,Yes,Yes,Yes,No,No
Female,Private,Yes,No,No,Yes,No,No,Yes,Yes,No,Yes,Yes,No,No,Yes,Yes,Yes,Yes,Yes,Yes,No
Female,Private,Yes,Yes,No,No,No,No,No,Yes,No,Yes,Yes,Yes,No,No,Yes,No,Yes,No,No,No
Female,Public,Yes,Yes,Yes,No,No,Yes,Yes,Yes,Yes,No,No,Yes,No,Yes,Yes,No,Yes,No,Yes,Yes
Female,Public,No,No,Yes,Yes,No,No,Yes,No,Yes,Yes,No,No,Yes,Yes,Yes,No,Yes,No,No,No
Male,Private,Yes,Yes,No,Yes,Yes,Yes,No,Yes,No,No,Yes,Yes,No,Yes,Yes,No,Yes,Yes,No,Yes
Male,Public,No,Yes,Yes,No,Yes,Yes,Yes,Yes,No,No,No,No,No,Yes,Yes,No,Yes,Yes,Yes,No
Female,Private,Yes,No,Yes,No,Yes,Yes,No,Yes,Yes,Yes,Yes,No,No,Yes,No,Yes,Yes,Yes,Yes,No
Male,Private,No,Yes,Yes,No,Yes,Yes,No,Yes,No,Yes,Yes,Yes,No,Yes,No,Yes,No,No,No,Yes
Male,Public,No,No,Yes,No,Yes,No,Yes,Yes,No,Yes,No,Yes,Yes,No,Yes,No,Yes,Yes,Yes,No
Male,Public,Yes,No,No,Yes,No,Yes,No,Yes,No,Yes,Yes,No,Yes,No,No,Yes,No,No,Yes,No
Male,Public,No,Yes,No,Yes,Yes,Yes,Yes,Yes,Yes,No,Yes,Yes,No,No,Yes,No,Yes,No,No,No
Male,Private,No,Yes,Yes,No,No,Yes,No,No,No,Yes,No,Yes,Yes,No,Yes,Yes,No,No,Yes,Yes
Female,Private,No,No,No,Yes,Yes,Yes,Yes,Yes,Yes,Yes,Yes,Yes,Yes,Yes,Yes,No,Yes,No,No,Yes
Female,Private,No,No,No,No,Yes,Yes,No,Yes,Yes,No,No,No,No,Yes,No,Yes,No,No,No,Yes
Female,Private,Yes,No,No,Yes,Yes,Yes,Yes,Yes,No,No,No,Yes,Yes,No,No,Yes,No,Yes,No,Yes
Male,Public,No,Yes,Yes,No,Yes,No,Yes,Yes,No,No,No,No,No,No,Yes,Yes,No,No,Yes,Yes
Male,Public,Yes,No,No,No,Yes,No,No,No,No,No,Yes,No,Yes,Yes,No,No,No,Yes,No,No
Female,Private,Yes,No,Yes,Yes,Yes,No,Yes,Yes,No,Yes,No,Yes,No,Yes,Yes,Yes,No,No,Yes,No
Female,Public,Yes,Yes,Yes,No,No,Yes,Yes,Yes,Yes,No,No,Yes,Yes,Yes,Yes,No,Yes,No,Yes,Yes
Male,Private,Yes,No,No,No,No,No,No,Yes,No,No,No,No,No,No,Yes,No,No,No,No,No
Male,Private,Yes,Yes,Yes,Yes,Yes,No,Yes,Yes,No,No,No,Yes,Yes,Yes,No,Yes,Yes,No,No,No
Female,Public,Yes,Yes,No,No,Yes,Yes,Yes,Yes,No,No,Yes,Yes,No,No,Yes,Yes,No,Yes,No,No
Male,Private,No,Yes,Yes,No,Yes,Yes,No,Yes,No,Yes,Yes,Yes,No,Yes,No,Yes,No,No,No,Yes
Male,Private,No,Yes,Yes,Yes,Yes,Yes,No,No,Yes,Yes,No,No,Yes,Yes,Yes,No,No,No,Yes,Yes
Female,Public,Yes,Yes,Yes,No,No,Yes,Yes,Yes,Yes,No,No,Yes,No,Yes,Yes,No,Yes,No,Yes,Yes
Male,Public,No,Yes,No,Yes,Yes,Yes,Yes,Yes,No,Yes,Yes,Yes,No,No,Yes,No,Yes,No,No,Yes
Male,Public,Yes,No,Yes,No,Yes,No,Yes,No,Yes,Yes,No,No,Yes,No,No,Yes,No,No,Yes,Yes
Female,Private,Yes,No,No,Yes,No,No,No,Yes,No,No,Yes,No,Yes,No,No,Yes,Yes,Yes,No,Yes
Female,Public,No,Yes,Yes,No,No,Yes,Yes,Yes,No,No,Yes,No,Yes,No,Yes,No,Yes,Yes,Yes,Yes
Male,Public,Yes,No,Yes,Yes,No,Yes,No,Yes,Yes,Yes,No,Yes,No,No,Yes,Yes,Yes,No,No,Yes
Male,Private,Yes,Yes,Yes,No,Yes,No,No,No,No,No,Yes,Yes,Yes,Yes,No,No,Yes,No,Yes,No
Male,Private,Yes,Yes,Yes,Yes,No,Yes,No,No,No,No,Yes,Yes,Yes,Yes,Yes,No,Yes,Yes,No,No
Male,Public,Yes,No,Yes,Yes,Yes,No,No,Yes,No,Yes,Yes,Yes,No,Yes,Yes,No,No,No,Yes,Yes
Male,Public,No,Yes,Yes,Yes,Yes,No,Yes,Yes,Yes,No,Yes,Yes,No,Yes,No,No,No,No,No,Yes
Female,Public,No,No,No,No,Yes,No,Yes,No,No,No,Yes,No,No,No,Yes,No,Yes,No,Yes,No
Female,Public,Yes,No,No,No,No,No,Yes,No,No,Yes,Yes,Yes,No,Yes,No,No,Yes,Yes,No,Yes
Male,Private,Yes,Yes,Yes,Yes,No,Yes,Yes,No,Yes,No,No,Yes,Yes,Yes,No,No,No,No,No,Yes
Female,Public,No,Yes,Yes,Yes,No,No,Yes,Yes,Yes,No,Yes,No,No,Yes,No,Yes,Yes,No,Yes,Yes
Male,Public,No,Yes,Yes,No,No,No,No,No,No,No,Yes,Yes,No,No,No,No,Yes,No,Yes,No
Female,Private,No,No,No,Yes,No,No,No,No,Yes,No,Yes,Yes,No,Yes,Yes,No,No,No,Yes,Yes
Male,Public,Yes,Yes,No,Yes,No,No,Yes,No,Yes,Yes,Yes,No,Yes,No,No,No,No,Yes,Yes,Yes
Female,Private,Yes,No,No,Yes,Yes,Yes,No,Yes,Yes,No,No,Yes,No,Yes,No,Yes,No,No,Yes,Yes
Female,Private,Yes,Yes,No,Yes,No,Yes,Yes,Yes,No,Yes,Yes,Yes,No,Yes,No,Yes,No,No,Yes,Yes
Female,Private,Yes,No,Yes,Yes,No,No,No,No,No,Yes,No,Yes,No,No,Yes,No,No,Yes,Yes,Yes
Female,Private,Yes,Yes,Yes,No,No,No,Yes,No,Yes,Yes,Yes,No,Yes,Yes,No,No,No,Yes,No,Yes
Female,Private,No,No,Yes,No,No,Yes,No,Yes,Yes,No,No,No,No,Yes,Yes,No,Yes,Yes,Yes,No
Female,Private,Yes,Yes,No,Yes,Yes,No,No,No,Yes,No,Yes,No,No,Yes,No,Yes,No,Yes,No,No
Female,Private,Yes,Yes,No,No,Yes,No,Yes,Yes,No,No,No,Yes,No,No,Yes,Yes,Yes,No,No,Yes
Female,Public,Yes,No,Yes,No,No,Yes,Yes,Yes,Yes,Yes,Yes,Yes,Yes,Yes,Yes,No,Yes,No,Yes,Yes
Female,Public,Yes,Yes,No,No,Yes,Yes,Yes,Yes,No,No,Yes,Yes,No,No,Yes,Yes,No,Yes,No,No
Female,Private,No,Yes,No,Yes,No,No,Yes,No,Yes,No,No,Yes,No,No,Yes,No,No,Yes,No,Yes
Male,Public,Yes,No,No,No,No,Yes,Yes,No,No,No,Yes,Yes,No,Yes,Yes,Yes,Yes,No,No,No
Male,Private,No,Yes,Yes,Yes,No,Yes,No,No,Yes,No,Yes,No,Yes,Yes,Yes,Yes,Yes,Yes,Yes,Yes
Female,Private,Yes,Yes,No,Yes,No,Yes,Yes,Yes,No,Yes,Yes,Yes,No,Yes,No,Yes,No,No,Yes,Yes
Female,Private,No,Yes,Yes,Yes,Yes,No,No,Yes,Yes,Yes,No,Yes,Yes,No,Yes,Yes,No,Yes,Yes,No
Male,Private,Yes,Yes,Yes,Yes,No,Yes,No,Yes,No,No,Yes,No,Yes,Yes,No,No,No,Yes,Yes,No
Female,Public,Yes,No,Yes,Yes,No,Yes,No,Yes,No,Yes,Yes,No,Yes,Yes,No,Yes,Yes,Yes,Yes,Yes
Female,Private,No,No,Yes,Yes,No,Yes,Yes,Yes,Yes,Yes,Yes,No,No,No,Yes,No,Yes,No,No,No
Male,Public,No,Yes,Yes,No,Yes,Yes,Yes,Yes,No,No,No,No,No,Yes,Yes,No,Yes,Yes,Yes,No
Female,Private,Yes,Yes,Yes,No,No,No,Yes,Yes,Yes,No,Yes,Yes,No,Yes,No,Yes,No,Yes,No,Yes
Male,Private,Yes,Yes,Yes,Yes,Yes,No,Yes,Yes,No,No,No,Yes,Yes,Yes,No,Yes,Yes,No,No,No
Female,Public,Yes,No,Yes,No,No,Yes,Yes,Yes,Yes,Yes,Yes,Yes,Yes,Yes,Yes,No,Yes,No,Yes,Yes
Male,Private,No,No,Yes,Yes,No,No,No,Yes,Yes,Yes,No,No,Yes,Yes,No,No,No,Yes,No,No
Male,Public,Yes,Yes,No,No,No,Yes,Yes,No,No,No,No,Yes,Yes,No,Yes,Yes,No,No,No,No
Male,Private,No,Yes,No,Yes,Yes,Yes,No,No,No,Yes,No,Yes,Yes,No,No,No,No,Yes,Yes,No
Female,Private,Yes,Yes,No,No,Yes,No,No,No,Yes,Yes,Yes,No,No,Yes,Yes,No,No,Yes,Yes,Yes
Male,Public,Yes,No,No,Yes,No,Yes,No,Yes,No,Yes,Yes,No,Yes,No,No,Yes,No,No,Yes,No
Female,Private,Yes,Yes,No,Yes,Yes,No,No,No,Yes,Yes,Yes,No,No,No,No,Yes,No,Yes,Yes,Yes
Male,Public,No,No,Yes,Yes,No,No,No,Yes,Yes,No,No,Yes,Yes,Yes,Yes,No,No,No,No,Yes
Female,Private,Yes,No,No,Yes,Yes,Yes,Yes,Yes,No,No,No,Yes,Yes,No,No,Yes,No,Yes,No,Yes
Female,Private,Yes,Yes,No,No,No,Yes,Yes,No,Yes,Yes,No,Yes,Yes,No,No,Yes,Yes,No,No,Yes
Female,Public,Yes,No,No,No,No,Yes,Yes,Yes,Yes,Yes,No,Yes,Yes,No,No,No,No,Yes,No,No
Male,Private,Yes,Yes,Yes,Yes,Yes,Yes,Yes,No,No,No,No,Yes,Yes,No,Yes,Yes,No,No,Yes,Yes
Male,Private,Yes,Yes,Yes,No,No,Yes,No,No,Yes,Yes,No,Yes,No,Yes,Yes,No,No,Yes,Yes,Yes
Male,Private,Yes,Yes,Yes,Yes,Yes,No,Yes,Yes,No,No,No,Yes,Yes,No,No,Yes,Yes,Yes,No,No
Male,Public,Yes,No,No,Yes,No,Yes,No,Yes,No,Yes,Yes,No,Yes,No,No,Yes,No,No,Yes,No
Male,Private,Yes,Yes,Yes,No,Yes,No,No,No,No,No,Yes,Yes,Yes,Yes,No,No,Yes,No,Yes,No
Female,Public,No,Yes,Yes,Yes,No,Yes,Yes,No,No,No,Yes,No,Yes,No,Yes,Yes,Yes,Yes,No,No
Female,Private,Yes,No,Yes,Yes,Yes,No,Yes,Yes,No,Yes,No,Yes,No,No,Yes,Yes,No,Yes,Yes,No
Male,Private,Yes,No,Yes,Yes,Yes,Yes,No,Yes,No,No,Yes,Yes,No,Yes,No,No,No,No,No,Yes
Female,Private,No,No,Yes,Yes,Yes,Yes,No,No,Yes,Yes,Yes,Yes,Yes,No,Yes,No,No,Yes,No,Yes
Female,Private,Yes,No,No,No,No,No,No,No,Yes,No,No,Yes,Yes,No,No,No,Yes,Yes,No,Yes
Female,Private,No,No,Yes,No,Yes,No,Yes,Yes,Yes,Yes,No,No,No,Yes,No,No,No,Yes,Yes,No
Male,Private,No,Yes,No,Yes,Yes,Yes,No,No,No,Yes,No,Yes,Yes,No,No,No,No,Yes,Yes,No
Female,Public,No,Yes,Yes,No,No,Yes,Yes,Yes,No,No,Yes,No,Yes,No,Yes,No,Yes,Yes,Yes,Yes
Male,Private,No,Yes,No,Yes,No,No,No,Yes,Yes,No,Yes,No,No,Yes,Yes,Yes,No,No,Yes,No
Female,Private,No,Yes,Yes,No,Yes,No,No,No,No,No,Yes,No,No,Yes,Yes,Yes,Yes,Yes,No,No
Female,Private,Yes,Yes,No,No,No,Yes,Yes,No,Yes,Yes,No,Yes,Yes,No,No,Yes,Yes,No,No,Yes
Female,Private,Yes,No,No,Yes,No,No,Yes,Yes,No,Yes,Yes,No,No,Yes,Yes,Yes,Yes,Yes,Yes,No
Male,Public,Yes,No,Yes,Yes,Yes,Yes,Yes,No,No,No,No,Yes,Yes,No,Yes,No,No,No,Yes,No
Male,Public,No,Yes,Yes,No,Yes,Yes,No,Yes,Yes,Yes,No,Yes,No,Yes,No,Yes,No,No,Yes,Yes
Male,Private,No,Yes,No,Yes,Yes,Yes,No,No,No,Yes,No,Yes,Yes,No,No,No,No,Yes,Yes,No
Male,Private,No,Yes,Yes,Yes,Yes,No,No,No,Yes,No,Yes,No,Yes,Yes,No,No,No,Yes,No,Yes
Male,Private,No,Yes,Yes,No,Yes,No,No,Yes,No,No,Yes,No,No,No,Yes,Yes,Yes,Yes,No,Yes
Female,Private,No,No,No,Yes,No,No,No,No,Yes,Yes,Yes,No,No,Yes,Yes,No,No,Yes,No,No
Female,Private,Yes,Yes,Yes,No,No,No,Yes,No,No,No,No,Yes,No,No,Yes,Yes,Yes,Yes,Yes,Yes
Male,Public,Yes,No,No,No,Yes,No,No,No,No,No,Yes,No,Yes,No,No,No,No,Yes,No,No
Male,Public,Yes,No,Yes,Yes,Yes,No,Yes,Yes,Yes,No,No,Yes,No,Yes,Yes,No,No,Yes,No,Yes
Female,Public,No,Yes,No,No,No,No,Yes,Yes,No,No,No,No,No,No,Yes,Yes,No,No,Yes,Yes
Male,Public,No,Yes,No,Yes,Yes,Yes,Yes,Yes,No,Yes,Yes,Yes,Yes,No,Yes,No,Yes,No,No,Yes
Female,Public,No,No,Yes,No,Yes,Yes,No,Yes,No,Yes,No,No,No,Yes,No,No,Yes,Yes,Yes,Yes
Female,Private,No,Yes,No,Yes,No,Yes,Yes,Yes,No,No,No,Yes,No,No,No,No,No,Yes,No,Yes
Male,Public,No,Yes,Yes,Yes,No,No,Yes,No,Yes,Yes,No,Yes,Yes,Yes,No,No,No,Yes,Yes,Yes
